size_bytes,rtt_seconds
800,0.000011
800,0.217196
800,0.219286
800,0.219145
800,0.219858
800,0.221175
611,0.217341
