size_bytes,rtt_seconds
800,0.216411
800,0.216898
800,0.217547
800,0.218770
800,0.216883
800,0.216882
611,0.216092
2,0.220086
